,pred_HSIL,pred_LSIL,pred_NSIL
true_HSIL,0.75,0.15,0.1
true_LSIL,0.07407407407407407,0.7407407407407407,0.18518518518518517
true_NSIL,0.08333333333333333,0.05555555555555555,0.8611111111111112
